case_id,event_title,gold_theme,wrong_subject_key,wrong_theme_name,source_profile_version,evidence_summary,hit_terms,hit_term_roles,root_cause,fix_action
pm_case_0008,2024年12月10日，10日讯，三星内部正积极推进名为Infinite的扩展现实（XR）项目，计划在明年1月召开的Galaxy Unpacked发布会上公开展,AI/AR眼镜,9032675,金融IT,v1_fallback,{},[],{},profile_boundary_missing,rebuild_profile_v2_with_negative_terms
pm_case_0013,"2024年9月26日,近日，西湖大学国强讲席教授、副校长以及慕德微纳(杭州)科技有限公司首席科学家仇旻在浙江省科协大楼的科学咖啡馆展示了一副超轻薄的碳化硅AR眼",AI/AR眼镜,9022064,碳化硅,v1_fallback,"{""anchor_terms"": [""碳化硅""], ""support_terms"": [], ""conflict_terms"": [], ""theme_name_hits"": [""碳化硅""], ""subject_name_hits"": [""碳化硅""]}","[""碳化硅""]",{},profile_boundary_missing,rebuild_profile_v2_with_negative_terms
pm_case_0014,2024年9月25日，Meta Connect 2024年度开发者大会将于今夜举行，据Meta官网贴出议程显示，公司CEO马克·扎克伯格将于当地时间上午10点（,AI/AR眼镜,9022942,苹果MR,v1_fallback,{},[],{},profile_boundary_missing,rebuild_profile_v2_with_negative_terms
pm_case_0015,2024年9月23日，消息面上，Meta Connect 2024将于美国当地时间9月25日开始，扎克伯格将分享混合现实、AI和可穿戴设备的最新发展，新的MR头,AI/AR眼镜,9022942,苹果MR,v1_fallback,"{""anchor_terms"": [""MR"", ""AR眼镜""], ""support_terms"": [], ""conflict_terms"": [], ""theme_name_hits"": [""MR""], ""subject_name_hits"": []}","[""MR"", ""AR眼镜"", ""增强现实（AR）"", ""产品代工"", ""整机产品"", ""制造设备""]",{},profile_boundary_missing,rebuild_profile_v2_with_negative_terms
pm_case_0019,2024年9月9日，三星、谷歌、高通强强联手，正研发一款混合现实智能眼镜,AI/AR眼镜,9058849,高通,v1_fallback,"{""anchor_terms"": [""高通""], ""support_terms"": [], ""conflict_terms"": [], ""theme_name_hits"": [""高通""], ""subject_name_hits"": [""高通""]}","[""高通""]",{},profile_boundary_missing,rebuild_profile_v2_with_negative_terms
pm_case_0022,2024年8月29日，《科创板日报》29日讯，Meta此前计划打造自己的定制芯片，用于可穿戴消费设备系列，但由于公司持续努力控制成本，这一计划未能实施,AI/AR眼镜,9036559,ASIC芯片,v1_fallback,"{""anchor_terms"": [""芯片"", ""Meta""], ""support_terms"": [], ""conflict_terms"": [], ""theme_name_hits"": [""芯片""], ""subject_name_hits"": []}","[""芯片"", ""Meta""]",{},profile_boundary_missing,rebuild_profile_v2_with_negative_terms
pm_case_0025,2024年8月20日，AR智能眼镜企业Rokid今日宣布，8月22日，《黑神话：悟空》AR体验将开启直播,AI/AR眼镜,9011554,游戏,v1_fallback,"{""anchor_terms"": [""游戏""], ""support_terms"": [], ""conflict_terms"": [], ""theme_name_hits"": [""游戏""], ""subject_name_hits"": [""游戏""]}","[""游戏""]",{},profile_boundary_missing,rebuild_profile_v2_with_negative_terms
pm_case_0027,8月23日， 由维深信息主办，深圳市增强现实技术应用协会、深圳市眼镜行业协会协办的《全球AI智能眼镜高峰论坛暨投融资闭门对接会》议题已确定,AI/AR眼镜,9033923,深圳,v1_fallback,"{""anchor_terms"": [], ""support_terms"": [], ""conflict_terms"": [], ""theme_name_hits"": [""深圳""], ""subject_name_hits"": [""深圳""]}","[""深圳""]",{},location_as_anchor,add_location_role_guard_and_v2_boundary
pm_case_0029,2024年8月15日，有“国产版Vision Pro头显”之称的Vision SE，今年7月30日通过了新版本的3C认证，制造商为深圳市亿境虚拟现实技术有限公司,AI/AR眼镜,9022942,苹果MR,v1_fallback,{},[],{},profile_boundary_missing,rebuild_profile_v2_with_negative_terms
pm_case_0029,2024年8月15日，有“国产版Vision Pro头显”之称的Vision SE，今年7月30日通过了新版本的3C认证，制造商为深圳市亿境虚拟现实技术有限公司,AI/AR眼镜,9033923,深圳,v1_fallback,"{""anchor_terms"": [], ""support_terms"": [], ""conflict_terms"": [], ""theme_name_hits"": [""深圳""], ""subject_name_hits"": [""深圳""]}","[""深圳""]",{},location_as_anchor,add_location_role_guard_and_v2_boundary
pm_case_0036,2025年12月25日，据报道，白宫考虑将部分联邦野生动物保护用地划拨给SpaceX用于扩建火箭发射与生产基地,SpaceX,9060949,9060949,v1_fallback,"{""anchor_terms"": [""火箭发射"", ""SpaceX""], ""support_terms"": [], ""conflict_terms"": [], ""theme_name_hits"": [""火箭发射""], ""subject_name_hits"": []}","[""火箭发射"", ""SpaceX""]",{},profile_boundary_missing,rebuild_profile_v2_with_negative_terms
pm_case_0037,2025年12月25日，据美国《空天部队》杂志网站12月19日报道，美国太空军下属的太空发展局当天宣布，向4家公司授予价值35亿美元的合同，用于采购总共72颗导,SpaceX,9030207,导弹,v1_fallback,{},[],{},profile_boundary_missing,rebuild_profile_v2_with_negative_terms
pm_case_0040,"2025年12月7日,针对商业航天龙头SpaceX“冲击8000亿美元估值，并瞄准明年IPO”的最新传闻，世界首富马斯克在北京时间周日凌晨公开回应",SpaceX,9060949,9060949,v1_fallback,{},[],{},profile_boundary_missing,rebuild_profile_v2_with_negative_terms
pm_case_0044,特朗普旗下的媒体企业——特朗普媒体与科技集团，同意以全股票交易方式与核聚变能源企业TAE科技公司合并，交易总价值超60亿美元,可控核聚变,9054404,A股全球第一,v1_fallback,{},[],{},profile_boundary_missing,rebuild_profile_v2_with_negative_terms
pm_case_0061,据央视新闻报道，当地时间10月30日中午，国家主席在韩国釜山同美国总统特朗普举行会晤,稀土永磁,9048607,中美芬太尼合作,v1_fallback,{},[],{},profile_boundary_missing,rebuild_profile_v2_with_negative_terms
pm_case_0061,据央视新闻报道，当地时间10月30日中午，国家主席在韩国釜山同美国总统特朗普举行会晤,稀土永磁,9042899,芬太尼,v1_fallback,"{""anchor_terms"": [""芬太尼""], ""support_terms"": [], ""conflict_terms"": [], ""theme_name_hits"": [""芬太尼""], ""subject_name_hits"": [""芬太尼""]}","[""芬太尼""]",{},profile_boundary_missing,rebuild_profile_v2_with_negative_terms
pm_case_0075,据百川盈孚，因下游PCB行业需求持续增长，国内光引发剂多种牌号价格走高,光刻胶,9018144,PCB印制电路板,v1_fallback,{},[],{},profile_boundary_missing,rebuild_profile_v2_with_negative_terms
pm_case_0079,12月26日7时26分，我国在海南商业航天发射场使用长征八号甲运载火箭，成功将卫星互联网低轨17组卫星发射升空，卫星顺利进入预定轨道，发射任务获得圆满成功,卫星互联,9060949,9060949,v1_fallback,"{""anchor_terms"": [""卫星互联网"", ""商业航天""], ""support_terms"": [], ""conflict_terms"": [], ""theme_name_hits"": [""卫星互联网""], ""subject_name_hits"": []}","[""卫星互联网"", ""商业航天""]",{},profile_boundary_missing,rebuild_profile_v2_with_negative_terms
pm_case_0080,中国航天今年已完成近90次发射，刷新历史纪录，其中商业发射占比显著提升,卫星互联,9011782,一带一路,v1_fallback,{},[],{},broad_policy_profile,add_broad_policy_boundary_and_require_real_bri_anchor
pm_case_0081,蓝箭航天副总裁张静茹告诉《科创板日报》记者，蓝箭航天供应链600余家供应商覆盖全国90余城，民企占比近70%、国企30%,卫星互联,9062142,蓝箭航天IPO,v1_fallback,{},[],{},profile_boundary_missing,rebuild_profile_v2_with_negative_terms
pm_case_0083,12月3日中午，朱雀三号遥一运载火箭在东风商业航天创新试验区发射升空，按程序完成了飞行任务，火箭二级进入预定轨道，火箭一子级回收失败,卫星互联,9062142,蓝箭航天IPO,v1_fallback,{},[],{},profile_boundary_missing,rebuild_profile_v2_with_negative_terms
pm_case_0085,据国家航天局消息，该局已于近期设立商业航天司，相关业务正在逐步开展，标志着我国商业航天产业迎来专职监管机构（新闻来源：央视新闻）,卫星互联,9063080,太空旅游,v1_fallback,{},[],{},profile_boundary_missing,rebuild_profile_v2_with_negative_terms
pm_case_0086,“智绘星空 胜算在天——太空数据中心建设工作推进会”召开，推进会由北京市科委、中关村管委会等单位组织召开,卫星互联,9037857,数据中心,v1_fallback,"{""anchor_terms"": [""数据中心""], ""support_terms"": [], ""conflict_terms"": [], ""theme_name_hits"": [""数据中心""], ""subject_name_hits"": [""数据中心""]}","[""数据中心""]",{},profile_boundary_missing,rebuild_profile_v2_with_negative_terms
pm_case_0087,北京蓝箭航天朱雀三号运载火箭首飞计划已进入最后准备阶段，计划于本周六即11月29日首飞,卫星互联,9062142,蓝箭航天IPO,v1_fallback,{},[],{},profile_boundary_missing,rebuild_profile_v2_with_negative_terms
pm_case_0088,英伟达首席财务官表示，数据中心芯片需求较此前预测的5000亿美元有所增长,液冷数据中心,9014001,人工智能硬件,v1_fallback,{},[],{},profile_boundary_missing,rebuild_profile_v2_with_negative_terms
pm_case_0088,英伟达首席财务官表示，数据中心芯片需求较此前预测的5000亿美元有所增长,液冷数据中心,9015778,存储芯片,v1_fallback,"{""anchor_terms"": [""存储芯片""], ""support_terms"": [""存储芯片""], ""conflict_terms"": [], ""theme_name_hits"": [""存储芯片""], ""subject_name_hits"": [""存储芯片""]}","[""存储芯片""]",{},profile_boundary_missing,rebuild_profile_v2_with_negative_terms
pm_case_0089,考虑TPUv7出货量及单机柜液冷价值量等，根据东方证券测算，预计2026年谷歌服务器液冷市场规模约为180亿元左右，较2025年大幅提升（新闻来源：新浪财经）,液冷数据中心,9016841,证券,v1_fallback,"{""anchor_terms"": [""证券""], ""support_terms"": [], ""conflict_terms"": [], ""theme_name_hits"": [""证券""], ""subject_name_hits"": [""证券""]}","[""证券""]",{},source_org_as_anchor,add_source_org_role_guard_and_v2_no_anchor
pm_case_0094,微软CEO萨提亚·纳德拉宣布，其团队已成功开发出微流体冷却技术；该技术能将芯片最高温升降低65%,液冷数据中心,9028694,高温,v1_fallback,"{""anchor_terms"": [""高温""], ""support_terms"": [], ""conflict_terms"": [], ""theme_name_hits"": [""高温""], ""subject_name_hits"": [""高温""]}","[""高温""]",{},short_generic_theme,add_short_generic_direct_hit_guard_and_high_temp_v2_boundary
