docs/AUTHORITY_INDEX.md	4015	935a9ebbaa0deac6b960ac7acb04ee75de6cc052e32d3a0e9fe6a899f4c5815b
docs/project_control/AI_THEME_APP_ARCHITECTURE_STRATEGY_DRIFT_CORRECTION_AUDIT_R1_DETAILED.md	55685	108ea48e71a3e997bc3d36c58cbf1b4835a7768584fb1b8bf5bb3636ca046f64
docs/project_control/AI_THEME_APP_DRIFT_AUDIT_R1_INDEPENDENT_VERIFICATION.md	13988	c54d9ab57c45d6c66b0b3900a1e9842f9cfdb4433f50c16ca32cce29776718e1
docs/project_control/AI_THEME_APP_PREIMPLEMENTATION_GAP_CLOSURE_P0A2.md	17445	31daa43fb1bef519c9fb8112cba6920173e67238a28ebc6e2d62aa74071360e1
docs/project_control/AI_THEME_APP_STRATEGY_ARCHITECTURE_DRIFT_CORRECTION_DEVELOPMENT_MASTER_PLAN_v0.1.md	50456	abbb7fdbee60f147af0aa3946a4f2609d2062bbc13141dda5b244dadc0882ec8
docs/project_control/AI_THEME_APP_STRATEGY_ARCHITECTURE_DRIFT_CORRECTION_DEVELOPMENT_MASTER_PLAN_v0.2.md	62614	2cb7d6024b857351594d7451e056687ca31f3210a670ee86f7c724a5d3e69f32
docs/project_control/AI_THEME_APP_STRATEGY_ARCHITECTURE_DRIFT_CORRECTION_DEVELOPMENT_MASTER_PLAN_v0.3.md	79946	1bb5f7903b49034beb93207d8e2a78fe8b8469d711c7799eb283fc8f8fa25a57
docs/project_control/CANONICAL_AND_LEGACY_DECISION_PRODUCER_INVENTORY.md	23864	7fb8be093590bc08a2c8dbc90bb22cffad4a8036c01b07b2094c8a0fc6addfae
docs/project_control/DEVELOPMENT_MASTER_PLAN_v0.1_AUDIT.md	10281	3ca7c9e0e110f932bc96327d00aff5c4753731e9823ef8ba1569304dff012e46
docs/project_control/DEVELOPMENT_MASTER_PLAN_v0.2_AUDIT.md	8284	9eed1fde30d12424a88882af83f007fb9e60b3f514706527946db8e206e16189
docs/project_control/EXECUTABLE_RULE_AUTHORITY_INVENTORY.md	28619	54ac0a26c9a64d7c073cd18043c8a6ac953462dcdb19bb7c0add3fc71356a137
docs/project_control/g0/G0_CLOSURE_RECORD.md	2607	f807df2ebc2cad49e43e575aa8d44e0f7ab6a9639d88329b1e76cb377503bdfe
docs/project_control/g0/G0_POST_RELOCATION_RECOVERY_CARD.md	4585	b71e63ce31cbe01b85b9e7cbaa0fd11be247fadb0a0afd6935d24d20f12763b6
docs/project_control/g0/G0_PREP_JYHF_MIGRATION_PLAN.md	9152	ce220b12c9e2b8663a356bc96c80f036e74d9ee8d4d032a1757dda85ea2b96de
docs/project_control/g0/G0_TASK_CARD_AI_THEME_APP_SINGLE_WORKSPACE_v2.md	13472	2a088c59e18d14a5123308969cccd05c31046fdeecc5c7fa6045bee6733d46d4
docs/project_control/g0/JULIA_BRANCH_CLOSEOUT_STEP0_2_3_REPORT.md	17451	8a143414b216f8f384e0e1f1d93c01890e2fc928447038f8b5552aba52fa35c9
docs/project_control/g0/JULIA_BRANCH_VS_JULIA_CORE_OVERLAP_AUDIT.md	9643	784ff8b56041779c500dd8078ed4cfae0aa6ed4e62bf68e190357cb6c66c1bd7
docs/project_control/g0/julia_branch_file_classification.tsv	128453	ffcadcf5c01f2d6f46a202255788b2a5214365ebd37609bc5d5ce1301a5123dd
docs/project_control/unreviewed/AI_THEME_APP_ARCHITECTURE_RECONCILIATION_AND_DRIFT_CORRECTION_MODEL_v0.1.md	17538	aea84eeb07d221e10551f001664eae4c5787d320bd74ba7886e47ff13e20d151
docs/project_control/unreviewed/ARCHITECTURE_CODE_SEMANTIC_AUDIT_R0_DETAILED.md	26819	03502abec0434720e128de886dc351856d9877ef543b3b746686f1b0c0b44d63
docs/strategy_model/AI_THEME_APP_CANONICAL_INVESTMENT_STRATEGY_DEVELOPMENT_MODEL_v0.6.4_APPROVED_WORKING_BASELINE.md	88181	f75dd6624d43870c299607239601c80befa83ad7f963bef69fd24e5dd3591d2b
docs/strategy_model/history/AI_THEME_APP_CANONICAL_INVESTMENT_STRATEGY_DEVELOPMENT_MODEL_v0.6.1_DRAFT.md	69721	4839b5d798cdea4571759b00d220f7dc34baec7ff2562be1d12821e3430badc1
docs/strategy_model/history/AI_THEME_APP_CANONICAL_INVESTMENT_STRATEGY_DEVELOPMENT_MODEL_v0.6.2_DRAFT.md	80589	42f6c48975547a688f8b6d926db70fcbc2490d0254ae70a5cb3dced8a5d83597
docs/strategy_model/history/AI_THEME_APP_CANONICAL_INVESTMENT_STRATEGY_DEVELOPMENT_MODEL_v0.6.3_DRAFT.md	86924	96b92414adec87fdf79efc447647bb75054855363d9b39c112e2bb246c913788
docs/strategy_model/history/AI_THEME_APP_CANONICAL_INVESTMENT_STRATEGY_DEVELOPMENT_MODEL_v0.6_DRAFT.md	46649	c6d3234c7b0242b2b0e61683b268b9edde6923fc19ff5d970b12a71dc4bc5612
docs/strategy_model/history/AI_THEME_APP_STRATEGY_MODEL_AND_EXECUTABLE_CONTRACT_v0.5.0.md	81226	76a30472859eef3cf5c372013c78efeb5d8720cbbb7b5e234a883e6a25a3982e
docs/strategy_research/HAOGE_METRIC_REGISTRY_v0.1.md	6639	2c0755a9d00718a035ece6ff5be354d44805b2ce9dee7ef5072a4ecc91479cf8
docs/strategy_research/MARKET_EMOTION_QUANT_AUDIT_AND_DESIGN_v0.1.md	24408	492300f397b39ede8254f8abb4f6544de0da07ff2bd02166b6088b9f68cb872f
docs/strategy_research/MARKET_EMOTION_VALIDATION_HAOGE_0624_0717.md	8252	01e3d2c6d6a05650f0ac75f54f3078f8d3418eac023645e9c72c39e673c2d889
docs/strategy_research/MARKET_EMOTION_VALIDATION_v2_OOS_0731_0929.md	10736	eb4edfc832ed28c5e302c4ebac140c4c21fe33204ee71d6f0eac5552d8c225e7
docs/strategy_research/THEME_CATALOG_v0.1.md	11862	a0e23a2426287dbe2987b055a9df00d135457eacae677ddb969c59ee5afd508b
